[
	{
		"nombre": "Manu",
		"apellido": "Morante",
		"vehiculo": "Coche",
		"velocidad": 1040
	},
	{
		"nombre": "Xavi",
		"apellido": "Perez",
		"vehiculo": "Moto",
		"velocidad": 150
	},
	{
		"nombre": "Arturo",
		"apellido": "Garcia",
		"vehiculo": "Bicicleta",
		"velocidad": 80
	},
	{
		"nombre": "Sergio",
		"apellido": "Mendez",
		"vehiculo": "Overcraft",
		"velocidad": 200
	},
	{
		"nombre": "Miguel",
		"apellido": "Mendez",
		"vehiculo": "Overcraft",
		"velocidad": 250
	},
	{
		"nombre": "Jorge",
		"apellido": "Basagaña",
		"vehiculo": "Nissan",
		"velocidad": 180
	},
	{
		"nombre": "Pedro",
		"apellido": "Basagaña",
		"vehiculo": "Nissan",
		"velocidad": 2000
	}
]